{"rmse": 0.6062297590007736, "mae": 0.4876624251958429, "r2": 0.4376262807350808}