{"RMSE": 0.6062297590007736, "MAE": 0.6983283076002597, "R2": 0.6615332801417332}